,f9fmf6x,f9fmqhi,f9fn4o1,f9fpoad,f9frydo,f9funzm,f9fw1wl,f9fwzta,f86g16u,f7e1g34,f7eifcn,f7f0x20,f7et1iu,f7b37ft,f7au1mj,f7bbhgp,f7c4hc3,f7d4whm,f7acs1d,f7evmm4,f7adpoi,f7gsm2d,f7gt8ic,f7lj66v,f7ljlo0,f74iare,f74g8ps,f74ih50,f72wapk,f6m1qf1,f6ogd3e,f7evru1,f6m3tb7,f6okgp7,f7grw1l,f6m5804,f6qfil0,f6qxuc7,f7gsgyo,f6rq6fm,f7gui1x,f7242gx,f77fxoc,f6h9fbf,f6i1n4l,f6kjc0k,f6kp5ka,f6w2ba6,f6nkby2,f6njzlf,f6l8j8t,f6nk4et,f7paqm6,f6nl8lm,f7paw15,f7pbk98,f7pepl6,f6crdqa,f6gzmri,f6fy43y,f6fjupv,f8nmj4p,f6w2cdz,f6w2d1l,f6w2eqe,f5u24vm,f5uk8un,f5vvhcz,f5vvhqn,f5dv45k,f5d1y5u,f5d5oqe,f5d5s5i,f5d7vbw,f5jdmq4,f6bw8ar,f5g2y3q,f5houz1,f5d2lsc,f5d741r,f5d8snd,f5jp57k,f6h12zb,f5miq7d,f5kgqa3,f6lnksu,f5muq1h,f5ciy9x,f5hjdlr,f57xa4v,f591j92,f57lveo,f585udk,f5cfoc5,f58afwq,f58cmtt,f591r5j,f59busc
0,"Buy a google play card, that will work with an android phone. Not sure about UK but in US the best packs are $100 USD (+tax in some states).","Thanks for that. I didn't realise I could just use a Google Play Store Card. $100!!!!???!!! I wasn't planning on spending that much. I have already bought him a load of stuff. Is that the minimum that would mean anything on that game then? I was thinking along the lines of Â£20 ($27 ish???).

Thanks.","Packs are $5, $10, $20, $50 and $100. A $20 pack would help and Iâ€™m sure he or she would appreciate it","Thanks for that. Would a Â£20 one enable him to buy something? I've no idea how the game works so you'll have to excuse me. I know the general premise of amassing your forces and fortifying your castle but I don't know how transactions work in the game? Do you buy units? Or do you buy extra health or something like that? Just want to make sure that he's not going to be stuck having to pay some of his own money in to get anything from the gift?

Thanks","The packs have certain items in them. You can buy building packs that have items to help level up your buildings, or dragon packs to help level up your dragon, etc.","Ok, thanks. So, how much (for instance) is a dragon pack? Or are they different prices? It would be good to give him enough to buy a pack.","They are different prices. The more expensive the pack, the more stuff you get. Like u/rysl31 noted above, they come in those denominations. $20 would be decent.",Great stuff. That's what I'll get then. Thanks very much for your help with this. Cheers :-),"I think K9 is now K375 or K374, of which I am in both. ;)",Quit this awful game.,"Make a bunch of unbound alts during building and research events. You can get food and wood from them. Use their free teleport to move them next to you, hit them for their RSS and then port them away from you.","Join a strong alliance and get 2k gold per event that they come top of plus loads of gifts when the hitters buy packs, spend plenty of time researching the intricacies of the game and best ways to do things and make yourself Indisposable to the team",Find people who are unshielded and clean em out,"If you do sell I reckon do it before the new keep 31-35 upgrades drop, value will go down after that","Depends on materials, armory, research. Etc.",If its below 100mil power 1-2k would be a good price,See I disagree. I think now that K31-34 is out K30 will be wanted more by people at K26 or K27 like me. It might be cheaper to buy than to upgrade all that way just to get to K30.,Fair fair.. I reckon it will just sell for less $ then it did before,How about a kingdom number lol,How soon do you plan on getting rid of it,My bad,ASAP,Any recent merges?,Our server has had 2 merges :),"It might be too competitive for me, sorry ):","2k for k24... you are doing it very, very wrong my friend",I wish I spent $250 on your account instead of spending $700 and barely hitting keep 19,I agree...have no idea what Iâ€™m doing and I have not bought a pack in over 60 days since...,"So youâ€™re trying to earn a reward for another game right? ğŸ˜‚

Short answer, spend about $50 on the tobho architect pack ($30) and the whent level 15 set. 

They are trying to hook you in, you need to either spend money or invest a few careful weeks of shields and research.","There is no setting that can do this, however there are 1 week shields, if you donâ€™t have one from a free offer WB gives out occasionally, then you can buy one from the store, this will be your best option.","I agree with /u/Howard_duck1.  Either a looooong shield or, if your kingdom offers it, a white flag.  Our kingdom offers white flags for those who need to be away for rl situations such as hospitalization, a death in the family, or military deployment.  Those under white flags are expected to port to a specific island, change their flag to all white, and not act to grow their keep.  It is not fail-safe, but a chance at reprieve.",If you say you are sick and put up a white flag... no one should attack you,Thank you very much!,"Thank you. I will check if my kingdom have something similar. On the other hand, I just checked in the store like  [/u/Howard\_duck1](https://www.reddit.com/u/Howard_duck1/) suggested, but the longest avaiable shield is only 24 hours. I had a look also on the available packages and it seems that no shields are offered. Am I doing something wrong?

Thank you.",Where to say that? In the Kingdom Chat? It would get quickly lost.,Of course (:,"Hmm... you arenâ€™t doing anything wrong, maybe itâ€™ll just come around eventually, the store is random so...","The packs rotate based on the events.  Check on them a few times a day until you find what you need.  If the pack you really want is too expensive, give it about 12 hours and a smaller/lower cost version should show up.","Most kingdoms have a discord server. 
1. Ask someone in your kingdom for the discord invite link, join the server
2. Find a white flag channel
3. Post a screenshot of you player power, etc with a caption like ""hey guys, going into an operation tmrw, and idk how long ill be away.""..... i doubt anyone will question it
4. Go on vacation
5. When you come home, Let everyone know you are ""healthy"" again ,and change your banner.

Bote: do not grow or farm or send marches. If you are seen with any marches out while you have a white flag, people will notice and you will likely be burnt",Thank you. I actually saw one yesterday (finally). The only package with 7 days shield costs 109 Euro...! The other ones have only 24 hours shield. I will keep checking.,"Oh ok, thank you very much for the clarifications!",Depending on how much you've already spent and what you're worried about losing. $109 may be a safe investment.,YouÂ´re right. But I still think thatÂ´s too much for a mobile game.,Shoot me an invite code. I'm bored in my current kingdom post merge.,Send me a friend code,send me a friend code too,Who are you in that kingdom?  I started an account there,Send me a friend code,Sorry for the delayed response. I'll be home in two days and I can start taking people then.,"It'll be in a couple of days though, if that's alright.",Darth Malrauk,hello?,Are you still interested?,2 days is like a month in this game. You should start on the next one Monday,Yeah,:>,Sent you a message.,Which kingdom you are in?,Join the allegiance of people who quit playing.,There are hundreds of different servers and kingdoms. Your kingdom should have its own discord. Try asking for that link in your Kingdom Chat and then try finding an alliance there.,Iâ€™m currently near what I can assume is castle black,Lmao ğŸ˜­ğŸ˜­ğŸ˜­,"Im sorry, what link exactly? I'm stupid haha.","Hi stupid haha., I'm dad.",I don't have a dad.,Troop load is the stat to look for when trying to determine how many resources can be carried.  You probably arenâ€™t getting any rss because this keeps are at or below their storehouse level so all of the resources you see on those scout reports are protected.,Exactly what the comment above says. If you click on your resources at the top of the screen you'll see what you safe amount is :),"Thank you. I canÂ´t see my troop loads when preparing an attack, so I never thought about it. Now that I made some research, it seems that itÂ´s visible only when gathering resources, right?","ThatÂ´s a nice tip, thank you :) !","If your actively planning on spending that amount, and aren't commited to any kingdom or alliance. Find a good kingdom and just buy a t9 or t10 keep.  I'd look at kingdoms that recently had their first merge.  You'll save quite a bit and will easily push to the high end of keeps if you spend well.  There are resources on discord to help get a window into many diffrent kingdoms comings and goings if your interested.",I would but too much invested in current kingdom.,What kingdom are you in,Iâ€™m a Keep 27 120M power,Love it. Send me a friend code. Iâ€™ll see how far I can take it,"You should just keep that money in your pocket. People in my allegiance spend like $1200+ each per week.... and we are the 6th strongest allegiance in the kingdom.

Just donâ€™t lol.",I'd be interested in joining as I have no current allegiance.,Buying is a lot smarter and cheaper than buildingğŸ‘†ğŸ¼,That's really tempting but I'm trying to get a small group together to start out. How long does it take to get to t10?,"[But I'm your second chance, the break that will make it okay, you're good enough for me.](https://www.youtube.com/watch?v=1SiylvmFI_8)","I have no ideal. I haven't played since April. But if I remember, my power would definitely be over... ***9000!!!!***","Would you walk 500 miles?  


I will within a week or two. I'll probably get the account, then an alt and use the alts code to invite you. At which Id like your friend code to get more alts. Then if need be which ever account has the code will be given to somebody in your kingdom that wants to join, or someone that I find.","So, bump up to a cool $1201?","I've actually started early. We're almost a week old though. If you can wait, I can get the code to you within a couple of days or so.",It's around $10k~ plus grinding millions of brick and pine.  Thats not counting the dragon... Or the armory. T9 is around $2-3k.  But on the 2nd hand market you might buy a t9 keep with modest dragon for ~$500 give or take.  T10(weak stats/dragon) for as low as $1500~.  These prices fluctuate and I might be off.  Also there is inherent risk with keep transfers due to fraud and possible 3rd party interference.,Yes. That will totally save you XD,Yes!,ThanksğŸ˜‡,How much do you estimate you've spent?,https://discord.gg/AdmgxAF Game of Thrones: Conquest all server discord.  There is a section to put your account for sale.  Its more active there then here on reddit.,"Pretty much only buy special event packs. Not the usual ones that are always floating around (Gold pack, Building pack, Research pack ... these are very poor value).

During building events you can buy Advanced Building Materials Packs. These are crucial for progressing to higher level keeps and troops as they are the best (cheapest) source of keystones 

The other important thing to do to progress is farm a lot of caravans like brick and pine. So the gold daily delivery packs are very popular to finance the stamina needed for farming","the system for sure tracks what you spend on packs, ie if you start buying 99$ packs only 99$ and 49$ packs will show up with the occasional 19$ and once in a blue moon a 9$.
I 100% agree with drflip, other than the initial Trobhos 19$ pack the only packs really worth it are the event packs, your standard day to say are a rip off, money spent to rss/speed ups so on gained. but the event packs o' lordy some of them are damned sweet. generally I only buy the 99$ packs because they have the best value but its not always the most cost effective idea, ramen noodles is occasionally part of my diet between pay checks is all I'm saying.
-Thorbies Hand, K360, FQall T3/council, 4th kingdom",resource packs are the best imo. Whatever gets you to t8+ troops the fastest. This game is pretty PTW,"Do special event packs in this game give you second builders and reseachers? I liked be able to research more than one thing at a time, as well as building more than one thing at a time.","Yeah, my rationale for spending is one, some people spend money on weed, cigarettes, alcohol, junk food, I buy packs. Also, I work hard for my money and can afford too. If I spend more than I budgeted for, I simply cut back in other areas to balance my budget.","Yes. The advanced building packs give second builders, advanced research gives second maesters and so forth. They are basically supercharged versions of the regular packs youâ€™d see outside the events

EDIT: I stand corrected. Just checked and the advanced building pack does not give second builders. But over time, I can assure you that you will accumulate plenty of those. The difficult resources are keystones and red gold flakes, followed by dragon lore, pine, and shard. These are the things youâ€™ll get much more of out of an event pack.","What about cheap packs in the beginning til I wait for the special event packs. Is it worth it to spend say a $100 then wait?   


Also, what's the pricing guide? Does it slowly go up, or is there three set prices like in FFXV ANE ($4.99, $19.99, $99).","I wouldn't drop 99$ unless its an event pack, maybe buy a 19$ or 2 to tie you over until an event, this game is really good about frequent events to keep its players engaged","When you start a new game, there are 2 $20 packs that give you a huge head start. They are the $20 Architects pack (3 x Tobo pieces) and the Whent pack with 3x level 15 whent pieces. 

Beyond that no need to buy a pack at first. 

Later on, if youâ€™re putting money in itâ€™s essential to set a budget. Within that, $100 packs are actually significantly more valuable than say 2x 50 packs. Thatâ€™s not to say you only buy 100 packs, but for something ongoing like building or research it makes sense to make one larger investment than a series of smaller ones"
1,"{'f9fmqhi': [1, ""Thanks for that. I didn't realise I could just use a Google Play Store Card. $100!!!!???!!! I wasn't planning on spending that much. I have already bought him a load of stuff. Is that the minimum that would mean anything on that game then? I was thinking along the lines of Â£20 ($27 ish???).\n\nThanks.""]}","{'f9fn4o1': [6, 'Packs are $5, $10, $20, $50 and $100. A $20 pack would help and Iâ€™m sure he or she would appreciate it']}","{'f9fpoad': [2, ""Thanks for that. Would a Â£20 one enable him to buy something? I've no idea how the game works so you'll have to excuse me. I know the general premise of amassing your forces and fortifying your castle but I don't know how transactions work in the game? Do you buy units? Or do you buy extra health or something like that? Just want to make sure that he's not going to be stuck having to pay some of his own money in to get anything from the gift?\n\nThanks""]}","{'f9frydo': [2, 'The packs have certain items in them. You can buy building packs that have items to help level up your buildings, or dragon packs to help level up your dragon, etc.']}","{'f9funzm': [1, 'Ok, thanks. So, how much (for instance) is a dragon pack? Or are they different prices? It would be good to give him enough to buy a pack.']}","{'f9fw1wl': [5, 'They are different prices. The more expensive the pack, the more stuff you get. Like u/rysl31 noted above, they come in those denominations. $20 would be decent.']}","{'f9fwzta': [2, ""Great stuff. That's what I'll get then. Thanks very much for your help with this. Cheers :-)""]}",{},{},{},{},{},{},"{'f7c4hc3': [0, 'See I disagree. I think now that K31-34 is out K30 will be wanted more by people at K26 or K27 like me. It might be cheaper to buy than to upgrade all that way just to get to K30.']}",{},{},"{'f7d4whm': [1, 'Fair fair.. I reckon it will just sell for less $ then it did before']}",{},"{'f7adpoi': [2, 'My bad']}","{'f7gsm2d': [1, 'ASAP']}",{},"{'f7gt8ic': [1, 'Any recent merges?']}","{'f7lj66v': [1, 'Our server has had 2 merges :)']}","{'f7ljlo0': [1, 'It might be too competitive for me, sorry ):']}",{},"{'f74ih50': [0, 'I agree...have no idea what Iâ€™m doing and I have not bought a pack in over 60 days since...']}",{},{},{},"{'f6m3tb7': [1, 'Thank you very much!']}","{'f6okgp7': [2, 'Thank you. I will check if my kingdom have something similar. On the other hand, I just checked in the store like  [/u/Howard\\_duck1](https://www.reddit.com/u/Howard_duck1/) suggested, but the longest avaiable shield is only 24 hours. I had a look also on the available packages and it seems that no shields are offered. Am I doing something wrong?\n\nThank you.']}","{'f7grw1l': [1, 'Where to say that? In the Kingdom Chat? It would get quickly lost.']}","{'f6m5804': [1, 'Of course (:']}","{'f6qfil0': [1, 'Hmm... you arenâ€™t doing anything wrong, maybe itâ€™ll just come around eventually, the store is random so...'], 'f6qxuc7': [1, 'The packs rotate based on the events.  Check on them a few times a day until you find what you need.  If the pack you really want is too expensive, give it about 12 hours and a smaller/lower cost version should show up.']}","{'f7gsgyo': [1, 'Most kingdoms have a discord server. \n1. Ask someone in your kingdom for the discord invite link, join the server\n2. Find a white flag channel\n3. Post a screenshot of you player power, etc with a caption like ""hey guys, going into an operation tmrw, and idk how long ill be away.""..... i doubt anyone will question it\n4. Go on vacation\n5. When you come home, Let everyone know you are ""healthy"" again ,and change your banner.\n\nBote: do not grow or farm or send marches. If you are seen with any marches out while you have a white flag, people will notice and you will likely be burnt']}",{},{},"{'f6rq6fm': [2, 'Thank you. I actually saw one yesterday (finally). The only package with 7 days shield costs 109 Euro...! The other ones have only 24 hours shield. I will keep checking.']}","{'f7gui1x': [1, 'Oh ok, thank you very much for the clarifications!']}","{'f7242gx': [1, ""Depending on how much you've already spent and what you're worried about losing. $109 may be a safe investment.""]}",{},"{'f77fxoc': [1, 'YouÂ´re right. But I still think thatÂ´s too much for a mobile game.']}",{},"{'f6nkby2': [0, ""Sorry for the delayed response. I'll be home in two days and I can start taking people then.""]}",{},"{'f6njzlf': [1, ""It'll be in a couple of days though, if that's alright.""]}","{'f6l8j8t': [1, 'Darth Malrauk'], 'f6nk4et': [1, 'hello?']}","{'f7paqm6': [1, 'Are you still interested?']}","{'f6nl8lm': [1, '2 days is like a month in this game. You should start on the next one Monday']}",{},{},{},"{'f7paw15': [1, 'Yeah']}",{},"{'f7pbk98': [1, ':>'], 'f7pepl6': [1, 'Sent you a message.']}",{},{},"{'f6fjupv': [1, 'Iâ€™m currently near what I can assume is castle black']}","{'f8nmj4p': [1, 'Lmao ğŸ˜­ğŸ˜­ğŸ˜­']}","{'f6w2cdz': [1, ""Im sorry, what link exactly? I'm stupid haha.""]}",{},{},"{'f6w2d1l': [1, ""Hi stupid haha., I'm dad.""]}","{'f6w2eqe': [1, ""I don't have a dad.""]}",{},"{'f5vvhcz': [1, 'Thank you. I canÂ´t see my troop loads when preparing an attack, so I never thought about it. Now that I made some research, it seems that itÂ´s visible only when gathering resources, right?']}","{'f5vvhqn': [1, 'ThatÂ´s a nice tip, thank you :) !']}",{},{},"{'f5g2y3q': [2, 'Buying is a lot smarter and cheaper than buildingğŸ‘†ğŸ¼'], 'f5houz1': [1, ""That's really tempting but I'm trying to get a small group together to start out. How long does it take to get to t10?""]}","{'f5d2lsc': [1, ""[But I'm your second chance, the break that will make it okay, you're good enough for me.](https://www.youtube.com/watch?v=1SiylvmFI_8)""]}","{'f5d741r': [1, ""I have no ideal. I haven't played since April. But if I remember, my power would definitely be over... ***9000!!!!***""]}",{},"{'f5d8snd': [1, ""Would you walk 500 miles?  \n\n\nI will within a week or two. I'll probably get the account, then an alt and use the alts code to invite you. At which Id like your friend code to get more alts. Then if need be which ever account has the code will be given to somebody in your kingdom that wants to join, or someone that I find.""]}","{'f5jp57k': [1, 'So, bump up to a cool $1201?']}","{'f6h12zb': [2, ""I've actually started early. We're almost a week old though. If you can wait, I can get the code to you within a couple of days or so.""]}",{},"{'f5miq7d': [2, ""It's around $10k~ plus grinding millions of brick and pine.  Thats not counting the dragon... Or the armory. T9 is around $2-3k.  But on the 2nd hand market you might buy a t9 keep with modest dragon for ~$500 give or take.  T10(weak stats/dragon) for as low as $1500~.  These prices fluctuate and I might be off.  Also there is inherent risk with keep transfers due to fraud and possible 3rd party interference.""]}",{},{},{},"{'f5kgqa3': [2, 'Yes. That will totally save you XD']}","{'f6lnksu': [1, 'Yes!']}",{},"{'f5muq1h': [1, 'ThanksğŸ˜‡']}",{},{},{},{},"{'f585udk': [1, 'Do special event packs in this game give you second builders and reseachers? I liked be able to research more than one thing at a time, as well as building more than one thing at a time.']}","{'f5cfoc5': [1, 'Yeah, my rationale for spending is one, some people spend money on weed, cigarettes, alcohol, junk food, I buy packs. Also, I work hard for my money and can afford too. If I spend more than I budgeted for, I simply cut back in other areas to balance my budget.']}",{},"{'f58afwq': [2, 'Yes. The advanced building packs give second builders, advanced research gives second maesters and so forth. They are basically supercharged versions of the regular packs youâ€™d see outside the events\n\nEDIT: I stand corrected. Just checked and the advanced building pack does not give second builders. But over time, I can assure you that you will accumulate plenty of those. The difficult resources are keystones and red gold flakes, followed by dragon lore, pine, and shard. These are the things youâ€™ll get much more of out of an event pack.']}",{},"{'f58cmtt': [1, ""What about cheap packs in the beginning til I wait for the special event packs. Is it worth it to spend say a $100 then wait?   \n\n\nAlso, what's the pricing guide? Does it slowly go up, or is there three set prices like in FFXV ANE ($4.99, $19.99, $99).""]}","{'f591r5j': [2, ""I wouldn't drop 99$ unless its an event pack, maybe buy a 19$ or 2 to tie you over until an event, this game is really good about frequent events to keep its players engaged""], 'f59busc': [1, 'When you start a new game, there are 2 $20 packs that give you a huge head start. They are the $20 Architects pack (3 x Tobo pieces) and the Whent pack with 3x level 15 whent pieces. \n\nBeyond that no need to buy a pack at first. \n\nLater on, if youâ€™re putting money in itâ€™s essential to set a budget. Within that, $100 packs are actually significantly more valuable than say 2x 50 packs. Thatâ€™s not to say you only buy 100 packs, but for something ongoing like building or research it makes sense to make one larger investment than a series of smaller ones']}",{},{}
