,subid,Title,body,Number of Comments,score,URL,timestamp
0,e5paqq,King in da Norf,,0,17,https://imgur.com/JRZrlBk,2019-12-04 01:55:03
1,e5pjbh,Rip Rodrik,,0,8,https://i.redd.it/0s7rkan03i241.png,2019-12-04 02:10:44
2,e5pw80,Benjen Stark training past The Wall,,0,6,https://v.redd.it/ai58ehwx4h241,2019-12-04 02:34:04
3,e5pyfk,No one: ......... The Priests of R'hllor,,0,6,https://v.redd.it/w7qgs6stzf241,2019-12-04 02:38:07
4,e5pdyo,Got a new 8k television on Black Friday. Upscaling the Blu-ray disc for S8E3 finally reveals what was going on during the Battle of Winterfell - check out Night King with his badass WW commanders!,,2,3,https://i.redd.it/q7fmme1f1i241.png,2019-12-04 02:01:30
5,e5pgn7,D&D Should Die of Gonorrhea and Rot in Hell,,0,0,https://www.youtube.com/watch?v=GfVB2S5-oOQ&feature=share,2019-12-04 02:05:51
6,e5l89e,"Characters which were ruined overnight after they did their part saving the North and clearing out obstacles, so that the 'heroic' Starks could move in and claim the prize",,159,4173,https://i.redd.it/kwil9mepng241.png,2019-12-03 21:22:52
7,e5db7y,They had two years to get this right.....,,438,22322,https://i.redd.it/qjndc97iad241.jpg,2019-12-03 10:04:20
8,e5exzl,Incredible writing,,105,3688,https://i.redd.it/ymy1m9bw4e241.jpg,2019-12-03 12:53:55
9,e5i5y8,I'm gonna tell my kids that this is how GoT ended.,,17,1117,https://i.redd.it/jsrzdfqylf241.jpg,2019-12-03 17:51:19
10,e5jmao,Good thing some emotionless robot-like person didn't become Lord of Westeros...,,28,769,https://i.redd.it/etyikk254g241.png,2019-12-03 19:34:18
11,e5n9im,Gonna tell my kids this was a song of ice and fire,,3,115,https://i.redd.it/oy52tkz9ch241.jpg,2019-12-03 23:40:35
12,e5nu7k,Crossover,,2,100,https://i.redd.it/bat4x7r0jh241.jpg,2019-12-04 00:18:24
13,e53pg2,I think we are in trouble...,,2611,46524,https://i.redd.it/tuzeinh8q9241.jpg,2019-12-02 22:04:34
14,e5fpig,gossip & backstabbing? not my idea of strength,,31,383,https://i.redd.it/ivmz4uvnje241.png,2019-12-03 14:17:19
15,e5lz1n,DC Comics kills Batman image because China insisted it was supporting the Hong Kong protests,,4,70,https://v.redd.it/d1yzsb7rug241,2019-12-03 22:13:22
16,e5j4pl,you fucking donkey,,4,111,https://i.redd.it/sw06fjg6yf241.png,2019-12-03 18:59:50
17,e5fukc,You let that little girl disarm you??,,17,200,https://i.redd.it/g4oxitj2me241.png,2019-12-03 14:31:39
18,e5ezxq,Indeed it is,,2,232,https://i.redd.it/scp58rnw5e241.jpg,2019-12-03 12:59:41
19,e5h5c4,The saving grace of season 8.,,14,104,https://i.redd.it/n9uzhfds7f241.jpg,2019-12-03 16:31:57
20,e5mpcy,"Samwell Tarly in the Battle of Winterfell, colorized (2019)",,4,31,https://v.redd.it/90h1gesi5h241,2019-12-03 23:03:12
21,e5hzcl,Season 8 in a nutshell.,,6,69,https://v.redd.it/tpk8cb05jf241,2019-12-03 17:37:33
22,e5na71,I gave every benefit of every doubt. It took a lot to alienate me.,,0,17,https://i.redd.it/0xoywge9ch241.jpg,2019-12-03 23:41:52
23,e5l2ux,*heart eyes*,,4,24,https://i.redd.it/8rfojhxvlg241.jpg,2019-12-03 21:12:40
24,e4xh5z,We sure showed them who's out of touch.,,293,15579,https://i.redd.it/vpws2a5xa7241.jpg,2019-12-02 13:55:14
